"pli-tv-bi-pm:9.0","pli-tv-bu-pm:9.0"
"pli-tv-bi-pm:10.0","pli-tv-bu-pm:10.0"
"pli-tv-bi-pm:11.0","pli-tv-bu-pm:11.0"
"pli-tv-bi-pm:12.0","pli-tv-bu-pm:12.0"
"pli-tv-bi-pm:13.0","pli-tv-bi-vb-pj5:0.4"
"pli-tv-bi-pm:14.0","pli-tv-bi-vb-pj6:0.4"
"pli-tv-bi-pm:15.0","pli-tv-bi-vb-pj7:0.4"
"pli-tv-bi-pm:16.0","pli-tv-bi-vb-pj8:0.4"
"pli-tv-bi-pm:19.0","pli-tv-bi-vb-ss1:0.4"
"pli-tv-bi-pm:20.0","pli-tv-bi-vb-ss2:0.4"
"pli-tv-bi-pm:21.0","pli-tv-bi-vb-ss3:0.4"
"pli-tv-bi-pm:22.0","pli-tv-bi-vb-ss4:0.4"
"pli-tv-bi-pm:23.0","pli-tv-bi-vb-ss5:0.4"
"pli-tv-bi-pm:24.0","pli-tv-bi-vb-ss6:0.4"
"pli-tv-bi-pm:25.0","pli-tv-bu-pm:19.0"
"pli-tv-bi-pm:26.0","pli-tv-bu-pm:22.0"
"pli-tv-bi-pm:27.0","pli-tv-bu-pm:23.0"
"pli-tv-bi-pm:28.0","pli-tv-bi-vb-ss10:0.4"
"pli-tv-bi-pm:29.0","pli-tv-bi-vb-ss11:0.4"
"pli-tv-bi-pm:30.0","pli-tv-bi-vb-ss12:0.4"
"pli-tv-bi-pm:31.0","pli-tv-bi-vb-ss13:0.4"
"pli-tv-bi-pm:32.0","pli-tv-bu-pm:24.0"
"pli-tv-bi-pm:33.0","pli-tv-bu-pm:25.0"
"pli-tv-bi-pm:34.0","pli-tv-bu-pm:26.0"
"pli-tv-bi-pm:35.0","pli-tv-bu-pm:27.0"
"pli-tv-bi-pm:38.0.2","pli-tv-bi-vb-np1:0.5"
"pli-tv-bi-pm:39.0","pli-tv-bi-vb-np2:0.5"
"pli-tv-bi-pm:40.0","pli-tv-bi-vb-np3:0.5"
"pli-tv-bi-pm:41.0","pli-tv-bi-vb-np4:0.5"
"pli-tv-bi-pm:42.0","pli-tv-bi-vb-np5:0.5"
"pli-tv-bi-pm:43.0","pli-tv-bi-vb-np6:0.5"
"pli-tv-bi-pm:44.0","pli-tv-bi-vb-np7:0.5"
"pli-tv-bi-pm:45.0","pli-tv-bi-vb-np8:0.5"
"pli-tv-bi-pm:46.0","pli-tv-bi-vb-np9:0.5"
"pli-tv-bi-pm:47.0","pli-tv-bi-vb-np10:0.5"
"pli-tv-bi-pm:48.0.2","pli-tv-bi-vb-np11:0.5"
"pli-tv-bi-pm:49.0","pli-tv-bi-vb-np12:0.5"
"pli-tv-bi-pm:50.0","pli-tv-bu-pm:34.0.2"
"pli-tv-bi-pm:51.0","pli-tv-bu-pm:35.0"
"pli-tv-bi-pm:52.0","pli-tv-bu-pm:36.0"
"pli-tv-bi-pm:53.0","pli-tv-bu-pm:39.0"
"pli-tv-bi-pm:54.0","pli-tv-bu-pm:40.0"
"pli-tv-bi-pm:55.0","pli-tv-bu-pm:41.0"
"pli-tv-bi-pm:56.0","pli-tv-bu-pm:42.0"
"pli-tv-bi-pm:57.0","pli-tv-bu-pm:43.0"
"pli-tv-bi-pm:58.0.2","pli-tv-bu-pm:51.0"
"pli-tv-bi-pm:59.0","pli-tv-bu-pm:52.0"
"pli-tv-bi-pm:60.0","pli-tv-bu-pm:53.0"
"pli-tv-bi-pm:61.0","pli-tv-bu-pm:55.0"
"pli-tv-bi-pm:62.0","pli-tv-bu-pm:56.0"
"pli-tv-bi-pm:63.0","pli-tv-bu-pm:58.0"
"pli-tv-bi-pm:64.0","pli-tv-bu-pm:59.0"
"pli-tv-bi-pm:65.0","pli-tv-bu-pm:60.0"
"pli-tv-bi-pm:66.0","pli-tv-bu-pm:61.0"
"pli-tv-bi-pm:67.0","pli-tv-bu-pm:63.0"
"pli-tv-bi-pm:70.0.2","pli-tv-bi-vb-pc1:0.5"
"pli-tv-bi-pm:71.0","pli-tv-bi-vb-pc2:0.5"
"pli-tv-bi-pm:72.0","pli-tv-bi-vb-pc3:0.5"
"pli-tv-bi-pm:73.0","pli-tv-bi-vb-pc4:0.5"
"pli-tv-bi-pm:74.0","pli-tv-bi-vb-pc5:0.5"
"pli-tv-bi-pm:75.0","pli-tv-bi-vb-pc6:0.5"
"pli-tv-bi-pm:76.0","pli-tv-bi-vb-pc7:0.5"
"pli-tv-bi-pm:77.0","pli-tv-bi-vb-pc8:0.5"
"pli-tv-bi-pm:78.0","pli-tv-bi-vb-pc9:0.5"
"pli-tv-bi-pm:79.0","pli-tv-bi-vb-pc10:0.5"
"pli-tv-bi-pm:80.0.2","pli-tv-bi-vb-pc11:0.5"
"pli-tv-bi-pm:81.0","pli-tv-bi-vb-pc12:0.5"
"pli-tv-bi-pm:82.0","pli-tv-bi-vb-pc13:0.5"
"pli-tv-bi-pm:83.0","pli-tv-bi-vb-pc14:0.5"
"pli-tv-bi-pm:84.0","pli-tv-bi-vb-pc15:0.5"
"pli-tv-bi-pm:85.0","pli-tv-bi-vb-pc16:0.5"
"pli-tv-bi-pm:86.0","pli-tv-bi-vb-pc17:0.5"
"pli-tv-bi-pm:87.0","pli-tv-bi-vb-pc18:0.5"
"pli-tv-bi-pm:88.0","pli-tv-bi-vb-pc19:0.5"
"pli-tv-bi-pm:89.0","pli-tv-bi-vb-pc20:0.5"
"pli-tv-bi-pm:90.0.2","pli-tv-bi-vb-pc21:0.5"
"pli-tv-bi-pm:91.0","pli-tv-bi-vb-pc22:0.5"
"pli-tv-bi-pm:92.0","pli-tv-bi-vb-pc23:0.5"
"pli-tv-bi-pm:93.0","pli-tv-bi-vb-pc24:0.5"
"pli-tv-bi-pm:94.0","pli-tv-bi-vb-pc25:0.5"
"pli-tv-bi-pm:95.0","pli-tv-bi-vb-pc26:0.5"
"pli-tv-bi-pm:96.0","pli-tv-bi-vb-pc27:0.5"
"pli-tv-bi-pm:97.0","pli-tv-bi-vb-pc28:0.5"
"pli-tv-bi-pm:98.0","pli-tv-bi-vb-pc29:0.5"
"pli-tv-bi-pm:99.0","pli-tv-bi-vb-pc30:0.5"
"pli-tv-bi-pm:100.0.2","pli-tv-bi-vb-pc31:0.5"
"pli-tv-bi-pm:101.0","pli-tv-bi-vb-pc32:0.5"
"pli-tv-bi-pm:102.0","pli-tv-bi-vb-pc33:0.5"
"pli-tv-bi-pm:103.0","pli-tv-bi-vb-pc34:0.5"
"pli-tv-bi-pm:104.0","pli-tv-bi-vb-pc35:0.5"
"pli-tv-bi-pm:105.0","pli-tv-bi-vb-pc36:0.5"
"pli-tv-bi-pm:106.0","pli-tv-bi-vb-pc37:0.5"
"pli-tv-bi-pm:107.0","pli-tv-bi-vb-pc38:0.5"
"pli-tv-bi-pm:108.0","pli-tv-bi-vb-pc39:0.5"
"pli-tv-bi-pm:109.0","pli-tv-bi-vb-pc40:0.5"
"pli-tv-bi-pm:110.0.2","pli-tv-bi-vb-pc41:0.5"
"pli-tv-bi-pm:111.0","pli-tv-bi-vb-pc42:0.5"
"pli-tv-bi-pm:112.0","pli-tv-bi-vb-pc43:0.5"
"pli-tv-bi-pm:113.0","pli-tv-bi-vb-pc44:0.5"
"pli-tv-bi-pm:114.0","pli-tv-bi-vb-pc45:0.5"
"pli-tv-bi-pm:115.0","pli-tv-bi-vb-pc46:0.5"
"pli-tv-bi-pm:116.0","pli-tv-bi-vb-pc47:0.5"
"pli-tv-bi-pm:117.0","pli-tv-bi-vb-pc48:0.5"
"pli-tv-bi-pm:118.0","pli-tv-bi-vb-pc49:0.5"
"pli-tv-bi-pm:119.0","pli-tv-bi-vb-pc50:0.5"
"pli-tv-bi-pm:120.0.2","pli-tv-bi-vb-pc51:0.5"
"pli-tv-bi-pm:121.0","pli-tv-bi-vb-pc52:0.5"
"pli-tv-bi-pm:122.0","pli-tv-bi-vb-pc53:0.5"
"pli-tv-bi-pm:123.0","pli-tv-bi-vb-pc54:0.5"
"pli-tv-bi-pm:124.0","pli-tv-bi-vb-pc55:0.5"
"pli-tv-bi-pm:125.0","pli-tv-bi-vb-pc56:0.5"
"pli-tv-bi-pm:126.0","pli-tv-bi-vb-pc57:0.5"
"pli-tv-bi-pm:127.0","pli-tv-bi-vb-pc58:0.5"
"pli-tv-bi-pm:128.0","pli-tv-bi-vb-pc59:0.5"
"pli-tv-bi-pm:129.0","pli-tv-bi-vb-pc60:0.5"
"pli-tv-bi-pm:130.0.2","pli-tv-bi-vb-pc61:0.5"
"pli-tv-bi-pm:131.0","pli-tv-bi-vb-pc62:0.5"
"pli-tv-bi-pm:132.0","pli-tv-bi-vb-pc63:0.5"
"pli-tv-bi-pm:133.0","pli-tv-bi-vb-pc64:0.5"
"pli-tv-bi-pm:134.0","pli-tv-bi-vb-pc65:0.5"
"pli-tv-bi-pm:135.0","pli-tv-bi-vb-pc66:0.5"
"pli-tv-bi-pm:136.0","pli-tv-bi-vb-pc67:0.5"
"pli-tv-bi-pm:137.0","pli-tv-bi-vb-pc68:0.5"
"pli-tv-bi-pm:138.0","pli-tv-bi-vb-pc69:0.5"
"pli-tv-bi-pm:139.0","pli-tv-bi-vb-pc70:0.5"
"pli-tv-bi-pm:140.0.2","pli-tv-bi-vb-pc71:0.5"
"pli-tv-bi-pm:141.0","pli-tv-bi-vb-pc72:0.5"
"pli-tv-bi-pm:142.0","pli-tv-bi-vb-pc73:0.5"
"pli-tv-bi-pm:143.0","pli-tv-bi-vb-pc74:0.5"
"pli-tv-bi-pm:144.0","pli-tv-bi-vb-pc75:0.5"
"pli-tv-bi-pm:145.0","pli-tv-bi-vb-pc76:0.5"
"pli-tv-bi-pm:146.0","pli-tv-bi-vb-pc77:0.5"
"pli-tv-bi-pm:147.0","pli-tv-bi-vb-pc78:0.5"
"pli-tv-bi-pm:148.0","pli-tv-bi-vb-pc79:0.5"
"pli-tv-bi-pm:149.0","pli-tv-bi-vb-pc80:0.5"
"pli-tv-bi-pm:150.0","pli-tv-bi-vb-pc81:0.5"
"pli-tv-bi-pm:151.0","pli-tv-bi-vb-pc82:0.5"
"pli-tv-bi-pm:152.0","pli-tv-bi-vb-pc83:0.5"
"pli-tv-bi-pm:153.0.2","pli-tv-bi-vb-pc84:0.5"
"pli-tv-bi-pm:154.0","pli-tv-bi-vb-pc85:0.5"
"pli-tv-bi-pm:155.0","pli-tv-bi-vb-pc86:0.5"
"pli-tv-bi-pm:156.0","pli-tv-bi-vb-pc87:0.5"
"pli-tv-bi-pm:157.0","pli-tv-bi-vb-pc88:0.5"
"pli-tv-bi-pm:158.0","pli-tv-bi-vb-pc89:0.5"
"pli-tv-bi-pm:159.0","pli-tv-bi-vb-pc90:0.5"
"pli-tv-bi-pm:160.0","pli-tv-bi-vb-pc91:0.5"
"pli-tv-bi-pm:161.0","pli-tv-bi-vb-pc92:0.5"
"pli-tv-bi-pm:162.0","pli-tv-bi-vb-pc93:0.5"
"pli-tv-bi-pm:163.0","pli-tv-bi-vb-pc94:0.5"
"pli-tv-bi-pm:164.0","pli-tv-bi-vb-pc95:0.5"
"pli-tv-bi-pm:165.0","pli-tv-bi-vb-pc96:0.5"
"pli-tv-bi-pm:166.0.2","pli-tv-bu-pm:66.0.2"
"pli-tv-bi-pm:167.0","pli-tv-bu-pm:67.0"
"pli-tv-bi-pm:168.0","pli-tv-bu-pm:68.0"
"pli-tv-bi-pm:169.0","pli-tv-bu-pm:69.0"
"pli-tv-bi-pm:170.0","pli-tv-bu-pm:70.0"
"pli-tv-bi-pm:171.0","pli-tv-bu-pm:71.0"
"pli-tv-bi-pm:172.0","pli-tv-bu-pm:72.0"
"pli-tv-bi-pm:173.0","pli-tv-bu-pm:73.0"
"pli-tv-bi-pm:174.0","pli-tv-bu-pm:74.0"
"pli-tv-bi-pm:175.0","pli-tv-bu-pm:75.0"
"pli-tv-bi-pm:176.0.2","pli-tv-bu-pm:76.0.2"
"pli-tv-bi-pm:177.0","pli-tv-bu-pm:77.0"
"pli-tv-bi-pm:178.0","pli-tv-bu-pm:78.0"
"pli-tv-bi-pm:179.0","pli-tv-bu-pm:79.0"
"pli-tv-bi-pm:180.0","pli-tv-bu-pm:80.0"
"pli-tv-bi-pm:181.0","pli-tv-bu-pm:81.0"
"pli-tv-bi-pm:182.0","pli-tv-bu-pm:82.0"
"pli-tv-bi-pm:183.0","pli-tv-bu-pm:83.0"
"pli-tv-bi-pm:184.0","pli-tv-bu-pm:84.0"
"pli-tv-bi-pm:185.0","pli-tv-bu-pm:85.0"
"pli-tv-bi-pm:186.0.2","pli-tv-bu-pm:96.0.2"
"pli-tv-bi-pm:187.0","pli-tv-bu-pm:97.0"
"pli-tv-bi-pm:188.0","pli-tv-bu-pm:99.0"
"pli-tv-bi-pm:189.0","pli-tv-bu-pm:102.0"
"pli-tv-bi-pm:190.0","pli-tv-bu-pm:103.0"
"pli-tv-bi-pm:191.0","pli-tv-bu-pm:105.0"
"pli-tv-bi-pm:192.0","pli-tv-bu-pm:107.0"
"pli-tv-bi-pm:193.0","pli-tv-bu-pm:108.0"
"pli-tv-bi-pm:194.0","pli-tv-bu-pm:109.0"
"pli-tv-bi-pm:195.0","pli-tv-bu-pm:110.0"
"pli-tv-bi-pm:196.0.2","pli-tv-bu-pm:111.0"
"pli-tv-bi-pm:197.0","pli-tv-bu-pm:112.0"
"pli-tv-bi-pm:198.0","pli-tv-bu-pm:113.0"
"pli-tv-bi-pm:199.0","pli-tv-bu-pm:114.0"
"pli-tv-bi-pm:200.0","pli-tv-bu-pm:115.0"
"pli-tv-bi-pm:201.0","pli-tv-bu-pm:116.0.2"
"pli-tv-bi-pm:202.0","pli-tv-bu-pm:117.0"
"pli-tv-bi-pm:203.0","pli-tv-bu-pm:118.0"
"pli-tv-bi-pm:204.0","pli-tv-bu-pm:119.0"
"pli-tv-bi-pm:205.0","pli-tv-bu-pm:120.0"
"pli-tv-bi-pm:206.0.2","pli-tv-bu-pm:121.0"
"pli-tv-bi-pm:207.0","pli-tv-bu-pm:122.0"
"pli-tv-bi-pm:208.0","pli-tv-bu-pm:123.0"
"pli-tv-bi-pm:209.0","pli-tv-bu-pm:124.0"
"pli-tv-bi-pm:210.0","pli-tv-bu-pm:125.0"
"pli-tv-bi-pm:211.0","pli-tv-bu-pm:126.0.2"
"pli-tv-bi-pm:212.0","pli-tv-bu-pm:127.0"
"pli-tv-bi-pm:213.0","pli-tv-bu-pm:128.0"
"pli-tv-bi-pm:214.0","pli-tv-bu-pm:131.0"
"pli-tv-bi-pm:215.0","pli-tv-bu-pm:133.0"
"pli-tv-bi-pm:216.0.2","pli-tv-bu-pm:134.0"
"pli-tv-bi-pm:217.0","pli-tv-bu-pm:135.0"
"pli-tv-bi-pm:218.0","pli-tv-bu-pm:136.0.2"
"pli-tv-bi-pm:219.0","pli-tv-bu-pm:137.0"
"pli-tv-bi-pm:220.0","pli-tv-bu-pm:138.0"
"pli-tv-bi-pm:221.0","pli-tv-bu-pm:139.0"
"pli-tv-bi-pm:222.0","pli-tv-bu-pm:140.0"
"pli-tv-bi-pm:223.0","pli-tv-bu-pm:141.0"
"pli-tv-bi-pm:224.0","pli-tv-bu-pm:142.0"
"pli-tv-bi-pm:225.0","pli-tv-bu-pm:143.0"
"pli-tv-bi-pm:226.0.2","pli-tv-bu-pm:144.0"
"pli-tv-bi-pm:227.0","pli-tv-bu-pm:145.0"
"pli-tv-bi-pm:228.0","pli-tv-bu-pm:146.0"
"pli-tv-bi-pm:229.0","pli-tv-bu-pm:147.0"
"pli-tv-bi-pm:230.0","pli-tv-bu-pm:149.0"
"pli-tv-bi-pm:231.0","pli-tv-bu-pm:151.0"
"pli-tv-bi-pm:232.0","pli-tv-bu-pm:152.0"
"pli-tv-bi-pm:233.0","pli-tv-bu-pm:153.0"
"pli-tv-bi-pm:234.0","pli-tv-bu-pm:155.0"
"pli-tv-bi-pm:235.0","pli-tv-bu-pm:157.0"
"pli-tv-bi-pm:238.0","pli-tv-bi-vb-pd1:0.4"
"pli-tv-bi-pm:239.0","pli-tv-bi-vb-pd2:0.4"
"pli-tv-bi-pm:240.0","pli-tv-bu-pm:104.0"
"pli-tv-bi-pm:241.0","pli-tv-bu-pm:104.0"
"pli-tv-bi-pm:242.0","pli-tv-bu-pm:104.0"
"pli-tv-bi-pm:243.0","pli-tv-bu-pm:104.0"
"pli-tv-bi-pm:244.0","pli-tv-bu-pm:104.0"
"pli-tv-bi-pm:245.0","pli-tv-bu-pm:104.0"
"pli-tv-bi-pm:248.0.2","pli-tv-bu-pm:166.0.2"
"pli-tv-bi-pm:249.0","pli-tv-bu-pm:167.0"
"pli-tv-bi-pm:250.0","pli-tv-bu-pm:168.0"
"pli-tv-bi-pm:251.0","pli-tv-bu-pm:169.0"
"pli-tv-bi-pm:252.0","pli-tv-bu-pm:170.0"
"pli-tv-bi-pm:253.0","pli-tv-bu-pm:171.0"
"pli-tv-bi-pm:254.0","pli-tv-bu-pm:172.0"
"pli-tv-bi-pm:255.0","pli-tv-bu-pm:173.0"
"pli-tv-bi-pm:256.0","pli-tv-bu-pm:174.0"
"pli-tv-bi-pm:257.0","pli-tv-bu-pm:175.0"
"pli-tv-bi-pm:258.0.2","pli-tv-bu-pm:176.0.2"
"pli-tv-bi-pm:259.0","pli-tv-bu-pm:178.0"
"pli-tv-bi-pm:260.0","pli-tv-bu-pm:179.0"
"pli-tv-bi-pm:261.0","pli-tv-bu-pm:180.0"
"pli-tv-bi-pm:262.0","pli-tv-bu-pm:181.0"
"pli-tv-bi-pm:263.0","pli-tv-bu-pm:182.0"
"pli-tv-bi-pm:264.0","pli-tv-bu-pm:183.0"
"pli-tv-bi-pm:265.0","pli-tv-bu-pm:184.0"
"pli-tv-bi-pm:266.0","pli-tv-bu-pm:185.0"
"pli-tv-bi-pm:267.0","pli-tv-bu-pm:186.0"
"pli-tv-bi-pm:268.0.2","pli-tv-bu-pm:187.0.2"
"pli-tv-bi-pm:269.0","pli-tv-bu-pm:188.0"
"pli-tv-bi-pm:270.0","pli-tv-bu-pm:189.0"
"pli-tv-bi-pm:271.0","pli-tv-bu-pm:190.0"
"pli-tv-bi-pm:272.0","pli-tv-bu-pm:192.0"
"pli-tv-bi-pm:273.0","pli-tv-bu-pm:193.0"
"pli-tv-bi-pm:274.0","pli-tv-bu-pm:194.0"
"pli-tv-bi-pm:275.0","pli-tv-bu-pm:195.0"
"pli-tv-bi-pm:276.0","pli-tv-bu-pm:196.0"
"pli-tv-bi-pm:277.0","pli-tv-bu-pm:197.0"
"pli-tv-bi-pm:278.0.2","pli-tv-bu-pm:199.0.2"
"pli-tv-bi-pm:279.0","pli-tv-bu-pm:200.0"
"pli-tv-bi-pm:280.0","pli-tv-bu-pm:201.0"
"pli-tv-bi-pm:281.0","pli-tv-bu-pm:202.0"
"pli-tv-bi-pm:282.0","pli-tv-bu-pm:203.0"
"pli-tv-bi-pm:283.0","pli-tv-bu-pm:204.0"
"pli-tv-bi-pm:284.0","pli-tv-bu-pm:205.0"
"pli-tv-bi-pm:285.0","pli-tv-bu-pm:206.0"
"pli-tv-bi-pm:286.0","pli-tv-bu-pm:207.0"
"pli-tv-bi-pm:287.0","pli-tv-bu-pm:208.0"
"pli-tv-bi-pm:288.0.2","pli-tv-bu-pm:209.0.2"
"pli-tv-bi-pm:289.0","pli-tv-bu-pm:210.0"
"pli-tv-bi-pm:290.0","pli-tv-bu-pm:211.0"
"pli-tv-bi-pm:291.0","pli-tv-bu-pm:212.0"
"pli-tv-bi-pm:292.0","pli-tv-bu-pm:213.0"
"pli-tv-bi-pm:293.0","pli-tv-bu-pm:214.0"
"pli-tv-bi-pm:294.0","pli-tv-bu-pm:215.0"
"pli-tv-bi-pm:295.0","pli-tv-bu-pm:216.0"
"pli-tv-bi-pm:296.0","pli-tv-bu-pm:217.0"
"pli-tv-bi-pm:297.0","pli-tv-bu-pm:218.0"
"pli-tv-bi-pm:298.0.2","pli-tv-bu-pm:219.0.2"
"pli-tv-bi-pm:299.0","pli-tv-bu-pm:220.0"
"pli-tv-bi-pm:300.0","pli-tv-bu-pm:221.0"
"pli-tv-bi-pm:301.0","pli-tv-bu-pm:222.0"
"pli-tv-bi-pm:302.0","pli-tv-bu-pm:223.0"
"pli-tv-bi-pm:303.0","pli-tv-bu-pm:224.0"
"pli-tv-bi-pm:304.0","pli-tv-bu-pm:225.0"
"pli-tv-bi-pm:305.0","pli-tv-bu-pm:226.0"
"pli-tv-bi-pm:306.0","pli-tv-bu-pm:227.0"
"pli-tv-bi-pm:307.0","pli-tv-bu-pm:228.0"
"pli-tv-bi-pm:308.0.2","pli-tv-bu-pm:229.0.2"
"pli-tv-bi-pm:309.0","pli-tv-bu-pm:230.0"
"pli-tv-bi-pm:310.0","pli-tv-bu-pm:231.0"
"pli-tv-bi-pm:311.0","pli-tv-bu-pm:232.0"
"pli-tv-bi-pm:312.0","pli-tv-bu-pm:233.0"
"pli-tv-bi-pm:313.0","pli-tv-bu-pm:234.0"
"pli-tv-bi-pm:314.0","pli-tv-bu-pm:235.0"
"pli-tv-bi-pm:315.0","pli-tv-bu-pm:236.0"
"pli-tv-bi-pm:316.0","pli-tv-bu-pm:237.0"
"pli-tv-bi-pm:317.0","pli-tv-bu-pm:238.0"
"pli-tv-bi-pm:318.0","pli-tv-bu-pm:239.0"
"pli-tv-bi-pm:319.0","pli-tv-bu-pm:240.0"
"pli-tv-bi-pm:320.0","pli-tv-bu-pm:241.0"
"pli-tv-bi-pm:321.0","pli-tv-bu-pm:242.0"
"pli-tv-bi-pm:322.0","pli-tv-bu-pm:243.0"
"pli-tv-bi-pm:325.0","pli-tv-bu-pm:247.0"
"pli-tv-bi-pm:326.0","pli-tv-bu-pm:248.0"
"pli-tv-bi-pm:327.0","pli-tv-bu-pm:249.0"
"pli-tv-bi-pm:328.0","pli-tv-bu-pm:250.0"
"pli-tv-bi-pm:329.0","pli-tv-bu-pm:251.0"
"pli-tv-bi-pm:330.0","pli-tv-bu-pm:252.0"
"pli-tv-bi-pm:331.0","pli-tv-bu-pm:253.0"
