pli-tv-kd18:4.3.3,pli-tv-bu-vb-sk3:1.3.1
pli-tv-kd18:4.3.4,pli-tv-bu-vb-sk5:1.3.1
pli-tv-kd18:4.3.5,pli-tv-bu-vb-sk7:1.3.1
pli-tv-kd18:4.3.6,pli-tv-bu-vb-sk9:1.3.1
pli-tv-kd18:4.3.7,pli-tv-bu-vb-sk11:1.3.1
pli-tv-kd18:4.3.8,pli-tv-bu-vb-sk13:1.3.1
pli-tv-kd18:4.3.9,pli-tv-bu-vb-sk15:1.3.1
pli-tv-kd18:4.3.10,pli-tv-bu-vb-sk17:1.3.1
pli-tv-kd18:4.3.11,pli-tv-bu-vb-sk19:1.3.1
pli-tv-kd18:4.3.12,pli-tv-bu-vb-sk21:1.3.1
pli-tv-kd18:4.3.13,pli-tv-bu-vb-sk23:1.3.1
pli-tv-kd18:4.3.14,pli-tv-bu-vb-sk25:1.3.1
pli-tv-kd18:4.3.15,pli-tv-bu-vb-sk4:1.3.1
pli-tv-kd18:4.3.16,pli-tv-bu-vb-sk6:1.3.1
pli-tv-kd18:4.3.17,pli-tv-bu-vb-sk8:1.3.1
pli-tv-kd18:4.3.18,pli-tv-bu-vb-sk10:1.3.1
pli-tv-kd18:4.3.19,pli-tv-bu-vb-sk12:1.3.1
pli-tv-kd18:4.3.20,pli-tv-bu-vb-sk14:1.3.1
pli-tv-kd18:4.3.21,pli-tv-bu-vb-sk16:1.3.1
pli-tv-kd18:4.3.22,pli-tv-bu-vb-sk18:1.3.1
pli-tv-kd18:4.3.23,pli-tv-bu-vb-sk20:1.3.1
pli-tv-kd18:4.3.24,pli-tv-bu-vb-sk22:1.3.1
pli-tv-kd18:4.3.25,pli-tv-bu-vb-sk24:1.3.1
pli-tv-kd18:4.3.26,pli-tv-bu-vb-sk26:1.3.1
pli-tv-kd18:4.4.10,pli-tv-bu-vb-sk27:1.3.1
pli-tv-kd18:4.4.11,pli-tv-bu-vb-sk28:1.3.1
pli-tv-kd18:4.4.12,pli-tv-bu-vb-sk29:1.3.1
pli-tv-kd18:4.4.13,pli-tv-bu-vb-sk30:1.3.1
pli-tv-kd18:4.5.1,pli-tv-bu-vb-sk31:1.3.1
pli-tv-kd18:4.5.2,pli-tv-bu-vb-sk32:1.3.1
pli-tv-kd18:4.5.3,pli-tv-bu-vb-sk33:1.3.1
pli-tv-kd18:4.5.4,pli-tv-bu-vb-sk34:1.3.1
pli-tv-kd18:4.5.5,pli-tv-bu-vb-sk35:1.3.1
pli-tv-kd18:4.5.6,pli-tv-bu-vb-sk36:1.3.1
pli-tv-kd18:4.5.7,pli-tv-bu-vb-sk37:2.10.1
pli-tv-kd18:4.5.8,pli-tv-bu-vb-sk38:1.3.1
pli-tv-kd18:4.5.9,pli-tv-bu-vb-sk39:1.3.1
pli-tv-kd18:4.5.10,pli-tv-bu-vb-sk40:1.3.1
pli-tv-kd18:4.5.11,pli-tv-bu-vb-sk41:1.3.1
pli-tv-kd18:4.5.12,pli-tv-bu-vb-sk42:1.3.1
pli-tv-kd18:4.5.13,pli-tv-bu-vb-sk43:1.3.1
pli-tv-kd18:4.5.14,pli-tv-bu-vb-sk44:1.3.1
pli-tv-kd18:4.5.15,pli-tv-bu-vb-sk45:1.3.1
pli-tv-kd18:4.5.16,pli-tv-bu-vb-sk46:1.3.1
pli-tv-kd18:4.5.17,pli-tv-bu-vb-sk47:1.3.1
pli-tv-kd18:4.5.18,pli-tv-bu-vb-sk48:1.3.1
pli-tv-kd18:4.5.19,pli-tv-bu-vb-sk49:1.3.1
pli-tv-kd18:4.5.20,pli-tv-bu-vb-sk50:1.3.1
pli-tv-kd18:4.5.21,pli-tv-bu-vb-sk51:1.19.1
pli-tv-kd18:4.5.22,pli-tv-bu-vb-sk52:1.3.1
pli-tv-kd18:4.5.23,pli-tv-bu-vb-sk53:1.3.1
pli-tv-kd18:4.5.24,pli-tv-bu-vb-sk54:1.3.1
pli-tv-kd18:4.5.25,pli-tv-bu-vb-sk55:1.14.1
pli-tv-kd18:4.6.8,pli-tv-bu-vb-sk56:1.14.1
pli-tv-kd18:4.6.10,pli-tv-bu-vb-sk3:1.3.1
pli-tv-kd18:4.6.11,pli-tv-bu-vb-sk5:1.3.1
pli-tv-kd18:4.6.12,pli-tv-bu-vb-sk7:1.3.1
pli-tv-kd18:4.6.13,pli-tv-bu-vb-sk9:1.3.1
pli-tv-kd18:4.6.14,pli-tv-bu-vb-sk11:1.3.1
pli-tv-kd18:4.6.15,pli-tv-bu-vb-sk13:1.3.1
pli-tv-kd18:4.6.16,pli-tv-bu-vb-sk15:1.3.1
pli-tv-kd18:4.6.17,pli-tv-bu-vb-sk17:1.3.1
pli-tv-kd18:4.6.18,pli-tv-bu-vb-sk19:1.3.1
pli-tv-kd18:4.6.19,pli-tv-bu-vb-sk21:1.3.1
pli-tv-kd18:4.6.20,pli-tv-bu-vb-sk23:1.3.1
pli-tv-kd18:4.6.21,pli-tv-bu-vb-sk25:1.3.1
pli-tv-kd18:5.2.3,pli-tv-bu-vb-sk3:1.3.1
pli-tv-kd18:5.2.4,pli-tv-bu-vb-sk5:1.3.1
pli-tv-kd18:5.2.5,pli-tv-bu-vb-sk7:1.3.1
pli-tv-kd18:5.2.6,pli-tv-bu-vb-sk9:1.3.1
pli-tv-kd18:5.2.7,pli-tv-bu-vb-sk11:1.3.1
pli-tv-kd18:5.2.8,pli-tv-bu-vb-sk13:1.3.1
pli-tv-kd18:5.2.9,pli-tv-bu-vb-sk15:1.3.1
pli-tv-kd18:5.2.10,pli-tv-bu-vb-sk17:1.3.1
pli-tv-kd18:5.2.11,pli-tv-bu-vb-sk19:1.3.1
pli-tv-kd18:5.2.12,pli-tv-bu-vb-sk21:1.3.1
pli-tv-kd18:5.2.13,pli-tv-bu-vb-sk23:1.3.1
pli-tv-kd18:5.2.14,pli-tv-bu-vb-sk25:1.3.1
pli-tv-kd18:5.2.33,pli-tv-bu-vb-sk3:1.3.1
pli-tv-kd18:5.2.34,pli-tv-bu-vb-sk5:1.3.1
pli-tv-kd18:5.2.35,pli-tv-bu-vb-sk7:1.3.1
pli-tv-kd18:5.2.36,pli-tv-bu-vb-sk9:1.3.1
pli-tv-kd18:5.2.37,pli-tv-bu-vb-sk11:1.3.1
pli-tv-kd18:5.2.38,pli-tv-bu-vb-sk13:1.3.1
pli-tv-kd18:5.2.39,pli-tv-bu-vb-sk15:1.3.1
pli-tv-kd18:5.2.40,pli-tv-bu-vb-sk17:1.3.1
pli-tv-kd18:5.2.41,pli-tv-bu-vb-sk19:1.3.1
pli-tv-kd18:5.2.42,pli-tv-bu-vb-sk21:1.3.1
pli-tv-kd18:5.2.43,pli-tv-bu-vb-sk23:1.3.1
pli-tv-kd18:5.2.44,pli-tv-bu-vb-sk25:1.3.1
